country,listed_in,count
,Dramas,1
,Independent Movies,1
,International Movies,1
,International TV Shows,1
,TV Dramas,1
Afghanistan,Documentaries,1
Afghanistan,International Movies,1
Albania,Dramas,1
Albania,International Movies,1
Algeria,Classic Movies,1
Algeria,Dramas,3
Algeria,Independent Movies,1
Algeria,International Movies,3
Angola,Action & Adventure,1
Angola,International Movies,1
Argentina,Action & Adventure,3
Argentina,Children & Family Movies,3
Argentina,Classic & Cult TV,1
Argentina,Classic Movies,1
Argentina,Comedies,14
Argentina,Crime TV Shows,8
Argentina,Cult Movies,2
Argentina,Documentaries,10
Argentina,Docuseries,2
Argentina,Dramas,35
Argentina,Horror Movies,3
Argentina,Independent Movies,8
Argentina,International Movies,58
Argentina,International TV Shows,16
Argentina,Kids' TV,3
Argentina,LGBTQ Movies,1
Argentina,Movies,1
Argentina,Music & Musicals,5
Argentina,Reality TV,1
Argentina,Romantic Movies,3
Argentina,Romantic TV Shows,2
Argentina,Sci-Fi & Fantasy,1
Argentina,Spanish-Language TV Shows,18
Argentina,Sports Movies,6
Argentina,Stand-Up Comedy,8
Argentina,TV Comedies,2
Argentina,TV Dramas,2
Argentina,TV Horror,1
Argentina,Teen TV Shows,1
Argentina,Thrillers,8
Armenia,Documentaries,1
Armenia,International Movies,1
Australia,Action & Adventure,13
Australia,Anime Series,1
Australia,British TV Shows,5
Australia,Children & Family Movies,19
Australia,Classic Movies,5
Australia,Comedies,15
Australia,Crime TV Shows,7
Australia,Cult Movies,1
Australia,Documentaries,15
Australia,Docuseries,11
Australia,Dramas,38
Australia,Faith & Spirituality,2
Australia,Horror Movies,3
Australia,Independent Movies,8
Australia,International Movies,30
Australia,International TV Shows,31
Australia,Kids' TV,21
Australia,LGBTQ Movies,4
Australia,Movies,3
Australia,Music & Musicals,4
Australia,Reality TV,11
Australia,Romantic Movies,6
Australia,Romantic TV Shows,3
Australia,Sci-Fi & Fantasy,7
Australia,Science & Nature TV,6
Australia,Sports Movies,8
Australia,Stand-Up Comedy,3
Australia,TV Action & Adventure,2
Australia,TV Comedies,17
Australia,TV Dramas,19
Australia,TV Horror,1
Australia,TV Mysteries,3
Australia,TV Sci-Fi & Fantasy,4
Australia,TV Thrillers,2
Australia,Teen TV Shows,2
Australia,Thrillers,9
Austria,Crime TV Shows,1
Austria,Documentaries,3
Austria,Dramas,6
Austria,Horror Movies,1
Austria,Independent Movies,4
Austria,International Movies,9
Austria,International TV Shows,1
Austria,Sci-Fi & Fantasy,1
Austria,Sports Movies,1
Austria,TV Dramas,1
Austria,Thrillers,2
Azerbaijan,International TV Shows,1
Azerbaijan,Romantic TV Shows,1
Azerbaijan,TV Dramas,1
Bahamas,Action & Adventure,1
Bangladesh,Comedies,1
Bangladesh,Dramas,4
Bangladesh,Independent Movies,4
Bangladesh,International Movies,3
Belarus,British TV Shows,1
Belarus,Kids' TV,1
Belarus,TV Comedies,1
Belgium,Action & Adventure,12
Belgium,Children & Family Movies,7
Belgium,Classic Movies,1
Belgium,Comedies,20
Belgium,Crime TV Shows,8
Belgium,Documentaries,7
Belgium,Docuseries,1
Belgium,Dramas,44
Belgium,Horror Movies,4
Belgium,Independent Movies,17
Belgium,International Movies,58
Belgium,International TV Shows,11
Belgium,Kids' TV,1
Belgium,LGBTQ Movies,2
Belgium,Music & Musicals,2
Belgium,Romantic Movies,3
Belgium,Sci-Fi & Fantasy,3
Belgium,TV Action & Adventure,2
Belgium,TV Dramas,8
Belgium,TV Mysteries,2
Belgium,TV Sci-Fi & Fantasy,1
Belgium,Thrillers,11
Bermuda,Documentaries,1
Botswana,Documentaries,1
Brazil,Action & Adventure,5
Brazil,Children & Family Movies,7
Brazil,Comedies,20
Brazil,Crime TV Shows,6
Brazil,Documentaries,12
Brazil,Docuseries,6
Brazil,Dramas,26
Brazil,Faith & Spirituality,4
Brazil,Independent Movies,12
Brazil,International Movies,43
Brazil,International TV Shows,26
Brazil,Kids' TV,3
Brazil,LGBTQ Movies,3
Brazil,Music & Musicals,5
Brazil,Reality TV,5
Brazil,Romantic Movies,2
Brazil,Romantic TV Shows,2
Brazil,Science & Nature TV,2
Brazil,Sports Movies,2
Brazil,Stand-Up Comedy,9
Brazil,Stand-Up Comedy & Talk Shows,1
Brazil,TV Comedies,6
Brazil,TV Dramas,11
Brazil,TV Horror,2
Brazil,TV Mysteries,5
Brazil,TV Sci-Fi & Fantasy,2
Brazil,Thrillers,3
Bulgaria,Action & Adventure,5
Bulgaria,Children & Family Movies,1
Bulgaria,Dramas,2
Bulgaria,Horror Movies,1
Bulgaria,Independent Movies,1
Bulgaria,International Movies,4
Bulgaria,Sci-Fi & Fantasy,1
Bulgaria,Thrillers,3
Burkina Faso,Dramas,1
Burkina Faso,Independent Movies,1
Burkina Faso,International Movies,1
Cambodia,Action & Adventure,2
Cambodia,Children & Family Movies,1
Cambodia,Comedies,2
Cambodia,Dramas,2
Cambodia,International Movies,2
Cambodia,Sci-Fi & Fantasy,1
"Cambodia,",Dramas,1
"Cambodia,",International Movies,1
Cameroon,Dramas,1
Cameroon,International Movies,1
Canada,Action & Adventure,44
Canada,Anime Series,2
Canada,British TV Shows,3
Canada,Children & Family Movies,80
Canada,Classic & Cult TV,4
Canada,Comedies,94
Canada,Crime TV Shows,15
Canada,Cult Movies,6
Canada,Documentaries,42
Canada,Docuseries,11
Canada,Dramas,82
Canada,Faith & Spirituality,3
Canada,Horror Movies,36
Canada,Independent Movies,44
Canada,International Movies,60
Canada,International TV Shows,25
Canada,Kids' TV,61
Canada,Korean TV Shows,1
Canada,LGBTQ Movies,6
Canada,Movies,5
Canada,Music & Musicals,14
Canada,Reality TV,9
Canada,Romantic Movies,25
Canada,Romantic TV Shows,2
Canada,Sci-Fi & Fantasy,28
Canada,Science & Nature TV,4
Canada,Sports Movies,13
Canada,Stand-Up Comedy,2
Canada,TV Action & Adventure,12
Canada,TV Comedies,30
Canada,TV Dramas,32
Canada,TV Horror,8
Canada,TV Mysteries,9
Canada,TV Sci-Fi & Fantasy,9
Canada,TV Thrillers,5
Canada,Teen TV Shows,2
Canada,Thrillers,49
Cayman Islands,Children & Family Movies,2
Cayman Islands,Comedies,2
Chile,Action & Adventure,1
Chile,Children & Family Movies,1
Chile,Comedies,7
Chile,Crime TV Shows,1
Chile,Dramas,12
Chile,Horror Movies,3
Chile,Independent Movies,8
Chile,International Movies,17
Chile,International TV Shows,5
Chile,Romantic Movies,1
Chile,Spanish-Language TV Shows,4
Chile,Sports Movies,1
Chile,Stand-Up Comedy,3
Chile,TV Dramas,4
Chile,Thrillers,2
China,Action & Adventure,63
China,Anime Features,2
China,Anime Series,2
China,British TV Shows,3
China,Children & Family Movies,16
China,Comedies,31
China,Crime TV Shows,4
China,Cult Movies,1
China,Documentaries,7
China,Docuseries,1
China,Dramas,32
China,Faith & Spirituality,1
China,Horror Movies,2
China,Independent Movies,2
China,International Movies,71
China,International TV Shows,40
China,Kids' TV,7
China,Korean TV Shows,1
China,Music & Musicals,2
China,Reality TV,1
China,Romantic Movies,9
China,Romantic TV Shows,22
China,Sci-Fi & Fantasy,13
China,Sports Movies,1
China,TV Action & Adventure,7
China,TV Comedies,12
China,TV Dramas,20
China,TV Mysteries,1
China,TV Sci-Fi & Fantasy,3
China,Teen TV Shows,5
China,Thrillers,6
Colombia,Action & Adventure,1
Colombia,Comedies,8
Colombia,Crime TV Shows,18
Colombia,Documentaries,3
Colombia,Docuseries,1
Colombia,Dramas,7
Colombia,Independent Movies,3
Colombia,International Movies,15
Colombia,International TV Shows,31
Colombia,Romantic Movies,2
Colombia,Romantic TV Shows,5
Colombia,Sci-Fi & Fantasy,1
Colombia,Spanish-Language TV Shows,30
Colombia,Stand-Up Comedy,4
Colombia,Stand-Up Comedy & Talk Shows,1
Colombia,TV Action & Adventure,1
Colombia,TV Comedies,1
Colombia,TV Dramas,8
Croatia,Comedies,1
Croatia,Dramas,2
Croatia,Independent Movies,2
Croatia,International Movies,2
Croatia,International TV Shows,1
Croatia,TV Dramas,1
Cuba,Crime TV Shows,1
Cuba,International TV Shows,1
Cuba,Spanish-Language TV Shows,1
Cyprus,Kids' TV,1
Cyprus,TV Comedies,1
Czech Republic,Action & Adventure,5
Czech Republic,British TV Shows,1
Czech Republic,Children & Family Movies,1
Czech Republic,Comedies,3
Czech Republic,Crime TV Shows,2
Czech Republic,Cult Movies,1
Czech Republic,Documentaries,1
Czech Republic,Docuseries,4
Czech Republic,Dramas,7
Czech Republic,Horror Movies,1
Czech Republic,Independent Movies,1
Czech Republic,International Movies,10
Czech Republic,International TV Shows,3
Czech Republic,Reality TV,1
Czech Republic,Romantic Movies,1
Czech Republic,Sci-Fi & Fantasy,3
Czech Republic,Science & Nature TV,1
Czech Republic,Sports Movies,1
Czech Republic,TV Dramas,1
Czech Republic,TV Horror,1
Czech Republic,TV Thrillers,1
Czech Republic,Thrillers,1
Denmark,Action & Adventure,3
Denmark,Children & Family Movies,3
Denmark,Comedies,1
Denmark,Crime TV Shows,2
Denmark,Cult Movies,1
Denmark,Documentaries,11
Denmark,Docuseries,1
Denmark,Dramas,16
Denmark,Independent Movies,9
Denmark,International Movies,23
Denmark,International TV Shows,10
Denmark,Kids' TV,4
Denmark,Romantic Movies,2
Denmark,Sports Movies,2
Denmark,TV Action & Adventure,1
Denmark,TV Comedies,3
Denmark,TV Dramas,8
Denmark,TV Mysteries,2
Denmark,TV Thrillers,1
Denmark,Thrillers,5
Dominican Republic,Horror Movies,1
Dominican Republic,International Movies,1
Dominican Republic,Thrillers,1
East Germany,Children & Family Movies,1
East Germany,Classic Movies,1
East Germany,Comedies,1
Ecuador,Documentaries,1
Egypt,Action & Adventure,15
Egypt,Children & Family Movies,1
Egypt,Classic Movies,8
Egypt,Comedies,57
Egypt,Crime TV Shows,2
Egypt,Documentaries,2
Egypt,Dramas,44
Egypt,Horror Movies,3
Egypt,Independent Movies,5
Egypt,International Movies,99
Egypt,International TV Shows,15
Egypt,Music & Musicals,4
Egypt,Romantic Movies,12
Egypt,Romantic TV Shows,3
Egypt,Sports Movies,2
Egypt,TV Comedies,4
Egypt,TV Dramas,12
Egypt,TV Horror,1
Egypt,TV Mysteries,2
Egypt,TV Sci-Fi & Fantasy,1
Egypt,Thrillers,4
Ethiopia,Dramas,1
Ethiopia,Independent Movies,1
Ethiopia,International Movies,1
Finland,Action & Adventure,1
Finland,British TV Shows,1
Finland,Children & Family Movies,1
Finland,Comedies,2
Finland,Crime TV Shows,2
Finland,Documentaries,3
Finland,Dramas,2
Finland,International Movies,6
Finland,International TV Shows,2
Finland,Kids' TV,2
Finland,Music & Musicals,1
Finland,Sports Movies,1
Finland,TV Comedies,2
Finland,TV Dramas,2
France,Action & Adventure,37
France,British TV Shows,2
France,Children & Family Movies,23
France,Classic Movies,6
France,Comedies,51
France,Crime TV Shows,23
France,Cult Movies,2
France,Documentaries,44
France,Docuseries,7
France,Dramas,167
France,Faith & Spirituality,3
France,Horror Movies,10
France,Independent Movies,73
France,International Movies,207
France,International TV Shows,43
France,Kids' TV,43
France,LGBTQ Movies,1
France,Movies,1
France,Music & Musicals,8
France,Reality TV,2
France,Romantic Movies,22
France,Romantic TV Shows,2
France,Sci-Fi & Fantasy,10
France,Science & Nature TV,1
France,Sports Movies,12
France,Stand-Up Comedy,5
France,Stand-Up Comedy & Talk Shows,1
France,TV Action & Adventure,6
France,TV Comedies,24
France,TV Dramas,27
France,TV Horror,3
France,TV Mysteries,2
France,TV Sci-Fi & Fantasy,1
France,TV Thrillers,3
France,Thrillers,44
Georgia,Documentaries,1
Georgia,Dramas,1
Georgia,Independent Movies,1
Georgia,International Movies,2
Germany,Action & Adventure,33
Germany,British TV Shows,6
Germany,Children & Family Movies,17
Germany,Comedies,42
Germany,Crime TV Shows,15
Germany,Cult Movies,4
Germany,Documentaries,21
Germany,Docuseries,8
Germany,Dramas,80
Germany,Faith & Spirituality,1
Germany,Horror Movies,7
Germany,Independent Movies,31
Germany,International Movies,94
Germany,International TV Shows,35
Germany,Kids' TV,8
Germany,LGBTQ Movies,1
Germany,Movies,2
Germany,Music & Musicals,8
Germany,Reality TV,3
Germany,Romantic Movies,10
Germany,Romantic TV Shows,1
Germany,Sci-Fi & Fantasy,13
Germany,Science & Nature TV,3
Germany,Sports Movies,5
Germany,Stand-Up Comedy,5
Germany,Stand-Up Comedy & Talk Shows,1
Germany,TV Action & Adventure,2
Germany,TV Comedies,5
Germany,TV Dramas,19
Germany,TV Mysteries,2
Germany,TV Sci-Fi & Fantasy,1
Germany,Thrillers,28
Ghana,Comedies,2
Ghana,Dramas,5
Ghana,Independent Movies,2
Ghana,International Movies,5
Greece,Action & Adventure,2
Greece,British TV Shows,2
Greece,Comedies,1
Greece,Documentaries,1
Greece,Docuseries,2
Greece,Dramas,3
Greece,Independent Movies,2
Greece,International Movies,1
Greece,International TV Shows,1
Greece,LGBTQ Movies,1
Greece,Movies,2
Greece,Romantic Movies,1
Greece,Sci-Fi & Fantasy,1
Greece,Science & Nature TV,1
Guatemala,Documentaries,1
Guatemala,Dramas,1
Guatemala,Independent Movies,1
Guatemala,International Movies,2
Hong Kong,Action & Adventure,66
Hong Kong,Children & Family Movies,3
Hong Kong,Classic Movies,1
Hong Kong,Comedies,33
Hong Kong,Crime TV Shows,2
Hong Kong,Cult Movies,5
Hong Kong,Documentaries,1
Hong Kong,Dramas,33
Hong Kong,Independent Movies,4
Hong Kong,International Movies,82
Hong Kong,International TV Shows,5
Hong Kong,Korean TV Shows,1
Hong Kong,Music & Musicals,1
Hong Kong,Romantic Movies,10
Hong Kong,Romantic TV Shows,2
Hong Kong,Sci-Fi & Fantasy,4
Hong Kong,Sports Movies,1
Hong Kong,TV Comedies,1
Hong Kong,TV Dramas,4
Hong Kong,Thrillers,3
Hungary,Action & Adventure,4
Hungary,Children & Family Movies,1
Hungary,Dramas,6
Hungary,Horror Movies,1
Hungary,International Movies,4
Hungary,Romantic Movies,1
Hungary,Sci-Fi & Fantasy,2
Hungary,TV Dramas,1
Hungary,Thrillers,1
Iceland,Action & Adventure,1
Iceland,Crime TV Shows,2
Iceland,Dramas,6
Iceland,Horror Movies,1
Iceland,Independent Movies,3
Iceland,International Movies,2
Iceland,International TV Shows,3
Iceland,Romantic Movies,1
Iceland,Sci-Fi & Fantasy,1
Iceland,Stand-Up Comedy,1
Iceland,TV Dramas,3
Iceland,TV Mysteries,1
Iceland,Thrillers,2
India,Action & Adventure,137
India,British TV Shows,3
India,Children & Family Movies,26
India,Classic Movies,11
India,Comedies,323
India,Crime TV Shows,9
India,Cult Movies,5
India,Documentaries,27
India,Docuseries,9
India,Dramas,662
India,Faith & Spirituality,4
India,Horror Movies,35
India,Independent Movies,167
India,International Movies,864
India,International TV Shows,66
India,Kids' TV,12
India,LGBTQ Movies,2
India,Music & Musicals,96
India,Reality TV,6
India,Romantic Movies,120
India,Romantic TV Shows,12
India,Sci-Fi & Fantasy,12
India,Sports Movies,17
India,Stand-Up Comedy,6
India,Stand-Up Comedy & Talk Shows,3
India,TV Action & Adventure,5
India,TV Comedies,26
India,TV Dramas,28
India,TV Horror,7
India,TV Mysteries,2
India,TV Sci-Fi & Fantasy,3
India,TV Shows,3
India,TV Thrillers,3
India,Teen TV Shows,1
India,Thrillers,92
Indonesia,Action & Adventure,6
Indonesia,Anime Series,1
Indonesia,Children & Family Movies,6
Indonesia,Comedies,15
Indonesia,Crime TV Shows,1
Indonesia,Documentaries,2
Indonesia,Dramas,63
Indonesia,Faith & Spirituality,5
Indonesia,Horror Movies,10
Indonesia,Independent Movies,1
Indonesia,International Movies,80
Indonesia,International TV Shows,2
Indonesia,Kids' TV,1
Indonesia,Music & Musicals,1
Indonesia,Romantic Movies,27
Indonesia,Romantic TV Shows,1
Indonesia,Sci-Fi & Fantasy,2
Indonesia,Sports Movies,4
Indonesia,TV Comedies,1
Indonesia,TV Dramas,2
Indonesia,TV Horror,1
Iran,Classic Movies,1
Iran,Dramas,3
Iran,Horror Movies,1
Iran,Independent Movies,2
Iran,International Movies,3
Iran,Thrillers,1
Iraq,Documentaries,2
Iraq,International Movies,2
Ireland,Action & Adventure,3
Ireland,British TV Shows,5
Ireland,Children & Family Movies,5
Ireland,Comedies,6
Ireland,Crime TV Shows,2
Ireland,Documentaries,6
Ireland,Dramas,15
Ireland,Faith & Spirituality,1
Ireland,Horror Movies,3
Ireland,Independent Movies,7
Ireland,International Movies,12
Ireland,International TV Shows,3
Ireland,Kids' TV,5
Ireland,Romantic Movies,4
Ireland,Sports Movies,2
Ireland,TV Action & Adventure,1
Ireland,TV Comedies,4
Ireland,TV Dramas,7
Ireland,TV Horror,1
Ireland,TV Mysteries,1
Ireland,Thrillers,2
Israel,Action & Adventure,1
Israel,Comedies,2
Israel,Crime TV Shows,5
Israel,Documentaries,6
Israel,Docuseries,3
Israel,Dramas,9
Israel,Faith & Spirituality,1
Israel,Horror Movies,2
Israel,Independent Movies,4
Israel,International Movies,14
Israel,International TV Shows,8
Israel,Romantic TV Shows,1
Israel,Sci-Fi & Fantasy,1
Israel,Sports Movies,1
Israel,TV Action & Adventure,4
Israel,TV Comedies,2
Israel,TV Dramas,6
Israel,TV Mysteries,1
Israel,Thrillers,4
Italy,Action & Adventure,6
Italy,British TV Shows,1
Italy,Children & Family Movies,3
Italy,Classic Movies,6
Italy,Comedies,12
Italy,Crime TV Shows,5
Italy,Documentaries,17
Italy,Docuseries,2
Italy,Dramas,32
Italy,Faith & Spirituality,1
Italy,Horror Movies,3
Italy,Independent Movies,7
Italy,International Movies,52
Italy,International TV Shows,13
Italy,Kids' TV,10
Italy,LGBTQ Movies,1
Italy,Music & Musicals,3
Italy,Romantic Movies,7
Italy,Romantic TV Shows,2
Italy,Sci-Fi & Fantasy,1
Italy,Spanish-Language TV Shows,1
Italy,Sports Movies,4
Italy,Stand-Up Comedy,4
Italy,TV Comedies,3
Italy,TV Dramas,13
Italy,TV Horror,1
Italy,Teen TV Shows,1
Italy,Thrillers,9
Jamaica,Dramas,1
Jamaica,International Movies,1
Jamaica,Sports Movies,1
Japan,Action & Adventure,57
Japan,Anime Features,61
Japan,Anime Series,143
Japan,British TV Shows,1
Japan,Children & Family Movies,19
Japan,Classic Movies,3
Japan,Comedies,9
Japan,Crime TV Shows,16
Japan,Cult Movies,1
Japan,Documentaries,7
Japan,Docuseries,2
Japan,Dramas,23
Japan,Horror Movies,4
Japan,Independent Movies,7
Japan,International Movies,72
Japan,International TV Shows,151
Japan,Kids' TV,29
Japan,LGBTQ Movies,1
Japan,Movies,2
Japan,Music & Musicals,6
Japan,Reality TV,9
Japan,Romantic Movies,7
Japan,Romantic TV Shows,21
Japan,Sci-Fi & Fantasy,9
Japan,Sports Movies,1
Japan,Stand-Up Comedy & Talk Shows,1
Japan,TV Action & Adventure,5
Japan,TV Comedies,10
Japan,TV Dramas,21
Japan,TV Horror,5
Japan,TV Mysteries,4
Japan,TV Shows,1
Japan,TV Thrillers,6
Japan,Teen TV Shows,14
Japan,Thrillers,5
Jordan,Comedies,2
Jordan,Documentaries,1
Jordan,Dramas,5
Jordan,Horror Movies,1
Jordan,Independent Movies,1
Jordan,International Movies,7
Jordan,International TV Shows,2
Jordan,TV Dramas,2
Jordan,TV Mysteries,1
Jordan,Teen TV Shows,1
Jordan,Thrillers,2
Kazakhstan,Children & Family Movies,1
Kenya,Comedies,2
Kenya,Documentaries,1
Kenya,Dramas,3
Kenya,International Movies,4
Kenya,Romantic Movies,1
Kenya,Thrillers,2
Kuwait,Action & Adventure,1
Kuwait,Comedies,4
Kuwait,Dramas,2
Kuwait,International Movies,5
Kuwait,International TV Shows,3
Kuwait,Romantic TV Shows,1
Kuwait,Sci-Fi & Fantasy,1
Kuwait,TV Dramas,3
Kuwait,Thrillers,1
Latvia,Dramas,1
Latvia,International Movies,1
Lebanon,Children & Family Movies,1
Lebanon,Classic Movies,1
Lebanon,Comedies,5
Lebanon,Crime TV Shows,2
Lebanon,Documentaries,5
Lebanon,Dramas,18
Lebanon,Independent Movies,5
Lebanon,International Movies,22
Lebanon,International TV Shows,7
Lebanon,Music & Musicals,1
Lebanon,Romantic Movies,3
Lebanon,Romantic TV Shows,1
Lebanon,TV Dramas,7
Lebanon,TV Thrillers,1
Liechtenstein,Classic Movies,1
Liechtenstein,Dramas,1
Liechtenstein,Romantic Movies,1
Lithuania,Dramas,1
Lithuania,International Movies,1
Luxembourg,Action & Adventure,3
Luxembourg,Children & Family Movies,3
Luxembourg,Crime TV Shows,1
Luxembourg,Dramas,8
Luxembourg,Independent Movies,2
Luxembourg,International Movies,6
Luxembourg,International TV Shows,1
Luxembourg,Kids' TV,1
Luxembourg,Sci-Fi & Fantasy,1
Luxembourg,TV Dramas,1
Luxembourg,Thrillers,1
Malawi,Children & Family Movies,1
Malawi,Dramas,1
Malawi,Independent Movies,1
Malaysia,Action & Adventure,5
Malaysia,Children & Family Movies,1
Malaysia,Comedies,7
Malaysia,Dramas,11
Malaysia,Horror Movies,4
Malaysia,Independent Movies,1
Malaysia,International Movies,17
Malaysia,International TV Shows,4
Malaysia,Kids' TV,4
Malaysia,Korean TV Shows,1
Malaysia,Romantic Movies,2
Malaysia,Romantic TV Shows,1
Malaysia,TV Comedies,2
Malaysia,TV Dramas,2
Malaysia,TV Mysteries,1
Malta,Crime TV Shows,1
Malta,Dramas,1
Malta,Romantic Movies,1
Malta,TV Action & Adventure,1
Malta,TV Dramas,1
Malta,Thrillers,1
Mauritius,Children & Family Movies,1
Mauritius,Comedies,1
Mauritius,International TV Shows,1
Mauritius,TV Dramas,1
Mexico,Action & Adventure,9
Mexico,Children & Family Movies,5
Mexico,Classic & Cult TV,2
Mexico,Classic Movies,1
Mexico,Comedies,24
Mexico,Crime TV Shows,32
Mexico,Documentaries,18
Mexico,Docuseries,3
Mexico,Dramas,44
Mexico,Faith & Spirituality,1
Mexico,Horror Movies,8
Mexico,Independent Movies,23
Mexico,International Movies,70
Mexico,International TV Shows,43
Mexico,Kids' TV,4
Mexico,LGBTQ Movies,1
Mexico,Movies,1
Mexico,Music & Musicals,3
Mexico,Reality TV,3
Mexico,Romantic Movies,8
Mexico,Romantic TV Shows,5
Mexico,Sci-Fi & Fantasy,6
Mexico,Spanish-Language TV Shows,47
Mexico,Sports Movies,3
Mexico,Stand-Up Comedy,18
Mexico,Stand-Up Comedy & Talk Shows,1
Mexico,TV Action & Adventure,7
Mexico,TV Comedies,4
Mexico,TV Dramas,12
Mexico,TV Sci-Fi & Fantasy,1
Mexico,Thrillers,2
Mongolia,Documentaries,1
Mongolia,International Movies,1
Montenegro,Dramas,1
Montenegro,International Movies,1
Morocco,Action & Adventure,1
Morocco,Documentaries,1
Morocco,Dramas,4
Morocco,Faith & Spirituality,2
Morocco,Independent Movies,1
Morocco,International Movies,3
Mozambique,Dramas,1
Mozambique,International Movies,1
Mozambique,Thrillers,1
Namibia,Documentaries,1
Namibia,Dramas,1
Namibia,International Movies,2
Nepal,Action & Adventure,1
Nepal,Comedies,2
Nepal,Dramas,1
Nepal,International Movies,2
Netherlands,Action & Adventure,1
Netherlands,British TV Shows,1
Netherlands,Children & Family Movies,5
Netherlands,Comedies,7
Netherlands,Crime TV Shows,2
Netherlands,Documentaries,11
Netherlands,Dramas,19
Netherlands,Independent Movies,4
Netherlands,International Movies,37
Netherlands,International TV Shows,5
Netherlands,Kids' TV,3
Netherlands,LGBTQ Movies,2
Netherlands,Music & Musicals,3
Netherlands,Romantic Movies,4
Netherlands,Sci-Fi & Fantasy,2
Netherlands,Stand-Up Comedy,1
Netherlands,TV Action & Adventure,1
Netherlands,TV Comedies,1
Netherlands,TV Dramas,3
Netherlands,TV Horror,1
Netherlands,Thrillers,2
New Zealand,Action & Adventure,7
New Zealand,Children & Family Movies,2
New Zealand,Classic Movies,1
New Zealand,Comedies,2
New Zealand,Documentaries,7
New Zealand,Docuseries,1
New Zealand,Dramas,11
New Zealand,Horror Movies,1
New Zealand,Independent Movies,3
New Zealand,International Movies,9
New Zealand,International TV Shows,2
New Zealand,Kids' TV,4
New Zealand,Reality TV,1
New Zealand,Romantic Movies,1
New Zealand,Sci-Fi & Fantasy,6
New Zealand,Sports Movies,3
New Zealand,TV Action & Adventure,2
New Zealand,TV Dramas,2
New Zealand,TV Sci-Fi & Fantasy,3
New Zealand,TV Thrillers,1
Nicaragua,Documentaries,1
Nigeria,Action & Adventure,4
Nigeria,Comedies,41
Nigeria,Crime TV Shows,1
Nigeria,Documentaries,2
Nigeria,Dramas,64
Nigeria,Faith & Spirituality,1
Nigeria,Horror Movies,2
Nigeria,Independent Movies,7
Nigeria,International Movies,88
Nigeria,International TV Shows,9
Nigeria,Music & Musicals,1
Nigeria,Romantic Movies,20
Nigeria,Romantic TV Shows,2
Nigeria,TV Comedies,2
Nigeria,TV Dramas,7
Nigeria,Thrillers,16
Norway,Action & Adventure,4
Norway,Children & Family Movies,1
Norway,Comedies,2
Norway,Crime TV Shows,2
Norway,Documentaries,3
Norway,Docuseries,1
Norway,Dramas,13
Norway,Horror Movies,2
Norway,Independent Movies,2
Norway,International Movies,16
Norway,International TV Shows,8
Norway,Romantic Movies,1
Norway,Romantic TV Shows,1
Norway,Science & Nature TV,1
Norway,TV Action & Adventure,1
Norway,TV Comedies,3
Norway,TV Dramas,5
Norway,TV Horror,1
Norway,TV Mysteries,1
Norway,TV Thrillers,2
Norway,Thrillers,5
Pakistan,Action & Adventure,2
Pakistan,Children & Family Movies,1
Pakistan,Comedies,7
Pakistan,Crime TV Shows,1
Pakistan,Dramas,13
Pakistan,Horror Movies,1
Pakistan,Independent Movies,4
Pakistan,International Movies,19
Pakistan,International TV Shows,4
Pakistan,Music & Musicals,3
Pakistan,Romantic Movies,4
Pakistan,Romantic TV Shows,4
Pakistan,TV Dramas,3
Palestine,Documentaries,1
Palestine,International Movies,1
Panama,Documentaries,1
Panama,Sports Movies,1
Paraguay,Action & Adventure,1
Paraguay,International Movies,1
Peru,Comedies,3
Peru,Documentaries,4
Peru,Dramas,2
Peru,Horror Movies,1
Peru,International Movies,10
Peru,Romantic Movies,1
Peru,Sports Movies,1
Philippines,Action & Adventure,5
Philippines,Anime Series,1
Philippines,Children & Family Movies,2
Philippines,Comedies,28
Philippines,Crime TV Shows,1
Philippines,Documentaries,1
Philippines,Dramas,50
Philippines,Horror Movies,4
Philippines,Independent Movies,3
Philippines,International Movies,79
Philippines,International TV Shows,2
Philippines,LGBTQ Movies,4
Philippines,Music & Musicals,1
Philippines,Romantic Movies,35
Philippines,Romantic TV Shows,1
Philippines,Sports Movies,1
Philippines,TV Comedies,1
Philippines,TV Dramas,1
Philippines,TV Horror,1
Philippines,Thrillers,3
Poland,Action & Adventure,3
Poland,Classic Movies,1
Poland,Comedies,6
Poland,Crime TV Shows,6
Poland,Cult Movies,1
Poland,Documentaries,1
Poland,Docuseries,1
Poland,Dramas,24
Poland,Horror Movies,2
Poland,Independent Movies,5
Poland,International Movies,25
Poland,International TV Shows,9
Poland,Romantic Movies,4
Poland,Sci-Fi & Fantasy,1
Poland,TV Action & Adventure,1
Poland,TV Comedies,1
Poland,TV Dramas,8
Poland,Thrillers,6
"Poland,",Classic Movies,1
"Poland,",Dramas,1
"Poland,",International Movies,1
Portugal,Comedies,2
Portugal,Dramas,5
Portugal,Faith & Spirituality,1
Portugal,Independent Movies,2
Portugal,International Movies,4
Portugal,LGBTQ Movies,1
Portugal,Romantic Movies,1
Portugal,Sports Movies,1
Puerto Rico,Crime TV Shows,1
Puerto Rico,International TV Shows,1
Puerto Rico,Spanish-Language TV Shows,1
Qatar,Children & Family Movies,1
Qatar,Comedies,2
Qatar,Documentaries,1
Qatar,Dramas,7
Qatar,Horror Movies,1
Qatar,Independent Movies,4
Qatar,International Movies,9
Qatar,Thrillers,2
Romania,Children & Family Movies,1
Romania,Comedies,5
Romania,Documentaries,1
Romania,Dramas,9
Romania,International Movies,11
Romania,Music & Musicals,2
Romania,Romantic Movies,3
Romania,Sci-Fi & Fantasy,1
Romania,Thrillers,3
Russia,Action & Adventure,4
Russia,Children & Family Movies,2
Russia,Comedies,1
Russia,Crime TV Shows,6
Russia,Documentaries,2
Russia,Docuseries,1
Russia,Dramas,3
Russia,Horror Movies,1
Russia,International Movies,6
Russia,International TV Shows,10
Russia,Kids' TV,6
Russia,Korean TV Shows,1
Russia,Romantic TV Shows,1
Russia,Sci-Fi & Fantasy,2
Russia,Science & Nature TV,1
Russia,Sports Movies,1
Russia,TV Action & Adventure,1
Russia,TV Comedies,1
Russia,TV Dramas,7
Russia,TV Mysteries,1
Russia,Thrillers,1
Samoa,Documentaries,1
Samoa,Sports Movies,1
Saudi Arabia,Action & Adventure,1
Saudi Arabia,Comedies,6
Saudi Arabia,Dramas,4
Saudi Arabia,Independent Movies,2
Saudi Arabia,International Movies,9
Saudi Arabia,International TV Shows,3
Saudi Arabia,Music & Musicals,1
Saudi Arabia,Romantic Movies,2
Saudi Arabia,TV Comedies,1
Saudi Arabia,TV Dramas,2
Saudi Arabia,TV Shows,1
Senegal,Crime TV Shows,1
Senegal,Documentaries,1
Senegal,Dramas,1
Senegal,Independent Movies,1
Senegal,International Movies,1
Senegal,International TV Shows,1
Senegal,TV Dramas,1
Serbia,Action & Adventure,2
Serbia,Documentaries,1
Serbia,Dramas,3
Serbia,Horror Movies,1
Serbia,Independent Movies,1
Serbia,International Movies,3
Serbia,Sci-Fi & Fantasy,2
Serbia,Thrillers,1
Singapore,Action & Adventure,5
Singapore,Anime Series,1
Singapore,Crime TV Shows,5
Singapore,Cult Movies,1
Singapore,Documentaries,1
Singapore,Dramas,7
Singapore,Horror Movies,3
Singapore,Independent Movies,1
Singapore,International Movies,14
Singapore,International TV Shows,19
Singapore,Kids' TV,3
Singapore,Korean TV Shows,1
Singapore,Reality TV,2
Singapore,Romantic Movies,1
Singapore,Romantic TV Shows,5
Singapore,Sci-Fi & Fantasy,1
Singapore,Stand-Up Comedy,1
Singapore,TV Comedies,2
Singapore,TV Dramas,15
Singapore,TV Horror,2
Singapore,TV Sci-Fi & Fantasy,1
Singapore,Thrillers,3
Slovakia,Dramas,1
Slovakia,International Movies,1
Slovenia,Comedies,1
Slovenia,Dramas,1
Slovenia,Horror Movies,1
Slovenia,Independent Movies,2
Slovenia,International Movies,2
Slovenia,Sci-Fi & Fantasy,1
Somalia,Dramas,1
South Africa,Action & Adventure,12
South Africa,British TV Shows,1
South Africa,Children & Family Movies,1
South Africa,Comedies,17
South Africa,Crime TV Shows,4
South Africa,Documentaries,8
South Africa,Docuseries,1
South Africa,Dramas,21
South Africa,Faith & Spirituality,1
South Africa,Horror Movies,2
South Africa,Independent Movies,3
South Africa,International Movies,39
South Africa,International TV Shows,9
South Africa,Music & Musicals,3
South Africa,Romantic Movies,10
South Africa,Romantic TV Shows,1
South Africa,Sci-Fi & Fantasy,3
South Africa,Sports Movies,1
South Africa,Stand-Up Comedy,1
South Africa,TV Action & Adventure,1
South Africa,TV Comedies,2
South Africa,TV Dramas,8
South Africa,TV Mysteries,1
South Africa,Thrillers,3
South Korea,Action & Adventure,17
South Korea,Children & Family Movies,10
South Korea,Comedies,17
South Korea,Crime TV Shows,24
South Korea,Cult Movies,1
South Korea,Documentaries,2
South Korea,Dramas,26
South Korea,Horror Movies,5
South Korea,Independent Movies,2
South Korea,International Movies,44
South Korea,International TV Shows,152
South Korea,Kids' TV,16
South Korea,Korean TV Shows,132
South Korea,LGBTQ Movies,1
South Korea,Movies,1
South Korea,Music & Musicals,1
South Korea,Reality TV,4
South Korea,Romantic Movies,2
South Korea,Romantic TV Shows,77
South Korea,Sci-Fi & Fantasy,5
South Korea,Stand-Up Comedy,2
South Korea,Stand-Up Comedy & Talk Shows,4
South Korea,TV Action & Adventure,9
South Korea,TV Comedies,19
South Korea,TV Dramas,38
South Korea,TV Horror,3
South Korea,TV Mysteries,3
South Korea,TV Thrillers,1
South Korea,Thrillers,14
Soviet Union,Action & Adventure,1
Soviet Union,Dramas,2
Soviet Union,International Movies,3
Soviet Union,Music & Musicals,1
Soviet Union,Romantic Movies,1
Soviet Union,Sci-Fi & Fantasy,1
Spain,Action & Adventure,10
Spain,Anime Series,1
Spain,British TV Shows,5
Spain,Children & Family Movies,9
Spain,Classic Movies,1
Spain,Comedies,47
Spain,Crime TV Shows,27
Spain,Documentaries,21
Spain,Docuseries,9
Spain,Dramas,76
Spain,Faith & Spirituality,3
Spain,Horror Movies,10
Spain,Independent Movies,20
Spain,International Movies,140
Spain,International TV Shows,54
Spain,Kids' TV,4
Spain,LGBTQ Movies,4
Spain,Movies,3
Spain,Music & Musicals,6
Spain,Reality TV,3
Spain,Romantic Movies,11
Spain,Romantic TV Shows,9
Spain,Sci-Fi & Fantasy,11
Spain,Science & Nature TV,1
Spain,Spanish-Language TV Shows,41
Spain,Sports Movies,5
Spain,Stand-Up Comedy,1
Spain,TV Action & Adventure,4
Spain,TV Comedies,5
Spain,TV Dramas,11
Spain,Teen TV Shows,1
Spain,Thrillers,38
Sri Lanka,Documentaries,1
Sri Lanka,International Movies,1
Sudan,Dramas,1
Sweden,Action & Adventure,2
Sweden,Comedies,5
Sweden,Crime TV Shows,4
Sweden,Cult Movies,1
Sweden,Documentaries,10
Sweden,Dramas,15
Sweden,Independent Movies,6
Sweden,International Movies,19
Sweden,International TV Shows,10
Sweden,Kids' TV,1
Sweden,Music & Musicals,3
Sweden,Romantic Movies,1
Sweden,Romantic TV Shows,3
Sweden,Sports Movies,1
Sweden,Stand-Up Comedy,1
Sweden,TV Comedies,3
Sweden,TV Dramas,7
Sweden,TV Thrillers,1
Sweden,Thrillers,5
Switzerland,Action & Adventure,2
Switzerland,Comedies,3
Switzerland,Documentaries,4
Switzerland,Dramas,13
Switzerland,Faith & Spirituality,1
Switzerland,Independent Movies,3
Switzerland,International Movies,14
Switzerland,International TV Shows,1
Switzerland,Sci-Fi & Fantasy,1
Switzerland,TV Comedies,1
Switzerland,TV Dramas,1
Switzerland,Thrillers,1
Syria,Comedies,1
Syria,Dramas,2
Syria,Independent Movies,2
Syria,International Movies,1
Syria,International TV Shows,1
Syria,TV Dramas,1
Taiwan,Action & Adventure,3
Taiwan,Comedies,3
Taiwan,Crime TV Shows,5
Taiwan,Documentaries,1
Taiwan,Dramas,10
Taiwan,Horror Movies,4
Taiwan,Independent Movies,3
Taiwan,International Movies,17
Taiwan,International TV Shows,70
Taiwan,LGBTQ Movies,1
Taiwan,Music & Musicals,2
Taiwan,Reality TV,1
Taiwan,Romantic Movies,2
Taiwan,Romantic TV Shows,48
Taiwan,Sports Movies,1
Taiwan,TV Action & Adventure,3
Taiwan,TV Comedies,36
Taiwan,TV Dramas,29
Taiwan,TV Horror,2
Taiwan,TV Mysteries,3
Taiwan,TV Sci-Fi & Fantasy,1
Taiwan,TV Thrillers,1
Taiwan,Teen TV Shows,1
Taiwan,Thrillers,3
Thailand,Action & Adventure,8
Thailand,Children & Family Movies,1
Thailand,Comedies,12
Thailand,Crime TV Shows,5
Thailand,Documentaries,5
Thailand,Docuseries,1
Thailand,Dramas,8
Thailand,Faith & Spirituality,3
Thailand,Horror Movies,15
Thailand,International Movies,40
Thailand,International TV Shows,24
Thailand,LGBTQ Movies,4
Thailand,Music & Musicals,4
Thailand,Romantic Movies,9
Thailand,Romantic TV Shows,10
Thailand,Sports Movies,2
Thailand,TV Action & Adventure,2
Thailand,TV Comedies,4
Thailand,TV Dramas,16
Thailand,TV Horror,1
Thailand,TV Mysteries,3
Thailand,TV Sci-Fi & Fantasy,1
Thailand,TV Thrillers,1
Thailand,Teen TV Shows,3
Thailand,Thrillers,3
Turkey,Action & Adventure,5
Turkey,Children & Family Movies,2
Turkey,Comedies,58
Turkey,Crime TV Shows,10
Turkey,Dramas,30
Turkey,Horror Movies,4
Turkey,Independent Movies,3
Turkey,International Movies,80
Turkey,International TV Shows,30
Turkey,Music & Musicals,1
Turkey,Romantic Movies,23
Turkey,Romantic TV Shows,6
Turkey,Sports Movies,2
Turkey,TV Action & Adventure,5
Turkey,TV Comedies,3
Turkey,TV Dramas,25
Turkey,TV Horror,1
Turkey,TV Mysteries,2
Turkey,TV Thrillers,4
Turkey,Teen TV Shows,1
Turkey,Thrillers,3
Uganda,Documentaries,1
Ukraine,Crime TV Shows,1
Ukraine,Documentaries,1
Ukraine,International Movies,1
Ukraine,International TV Shows,2
Ukraine,TV Comedies,1
Ukraine,TV Dramas,1
Unavailable,Action & Adventure,42
Unavailable,Anime Features,8
Unavailable,Anime Series,22
Unavailable,British TV Shows,16
Unavailable,Children & Family Movies,106
Unavailable,Classic & Cult TV,1
Unavailable,Classic Movies,1
Unavailable,Comedies,94
Unavailable,Crime TV Shows,49
Unavailable,Cult Movies,1
Unavailable,Documentaries,75
Unavailable,Docuseries,65
Unavailable,Dramas,110
Unavailable,Faith & Spirituality,2
Unavailable,Horror Movies,17
Unavailable,Independent Movies,11
Unavailable,International Movies,209
Unavailable,International TV Shows,223
Unavailable,Kids' TV,81
Unavailable,Korean TV Shows,15
Unavailable,LGBTQ Movies,5
Unavailable,Movies,23
Unavailable,Music & Musicals,47
Unavailable,Reality TV,50
Unavailable,Romantic Movies,28
Unavailable,Romantic TV Shows,71
Unavailable,Sci-Fi & Fantasy,1
Unavailable,Science & Nature TV,10
Unavailable,Spanish-Language TV Shows,29
Unavailable,Sports Movies,18
Unavailable,Stand-Up Comedy,32
Unavailable,Stand-Up Comedy & Talk Shows,9
Unavailable,TV Action & Adventure,15
Unavailable,TV Comedies,80
Unavailable,TV Dramas,100
Unavailable,TV Horror,3
Unavailable,TV Mysteries,6
Unavailable,TV Sci-Fi & Fantasy,5
Unavailable,TV Shows,7
Unavailable,TV Thrillers,4
Unavailable,Teen TV Shows,3
Unavailable,Thrillers,28
United Arab Emirates,Action & Adventure,3
United Arab Emirates,Children & Family Movies,4
United Arab Emirates,Comedies,11
United Arab Emirates,Documentaries,7
United Arab Emirates,Dramas,19
United Arab Emirates,Horror Movies,2
United Arab Emirates,Independent Movies,3
United Arab Emirates,International Movies,26
United Arab Emirates,International TV Shows,1
United Arab Emirates,Music & Musicals,1
United Arab Emirates,Romantic Movies,1
United Arab Emirates,Sci-Fi & Fantasy,3
United Arab Emirates,Sports Movies,2
United Arab Emirates,TV Dramas,1
United Arab Emirates,TV Mysteries,1
United Arab Emirates,Thrillers,5
United Kingdom,Action & Adventure,84
United Kingdom,British TV Shows,225
United Kingdom,Children & Family Movies,46
United Kingdom,Classic & Cult TV,7
United Kingdom,Classic Movies,16
United Kingdom,Comedies,91
United Kingdom,Crime TV Shows,48
United Kingdom,Cult Movies,7
United Kingdom,Documentaries,127
United Kingdom,Docuseries,89
United Kingdom,Dramas,196
United Kingdom,Faith & Spirituality,5
United Kingdom,Horror Movies,28
United Kingdom,Independent Movies,74
United Kingdom,International Movies,168
United Kingdom,International TV Shows,128
United Kingdom,Kids' TV,43
United Kingdom,LGBTQ Movies,7
United Kingdom,Movies,4
United Kingdom,Music & Musicals,36
United Kingdom,Reality TV,35
United Kingdom,Romantic Movies,38
United Kingdom,Romantic TV Shows,11
United Kingdom,Sci-Fi & Fantasy,35
United Kingdom,Science & Nature TV,27
United Kingdom,Spanish-Language TV Shows,1
United Kingdom,Sports Movies,21
United Kingdom,Stand-Up Comedy,21
United Kingdom,Stand-Up Comedy & Talk Shows,1
United Kingdom,TV Action & Adventure,9
United Kingdom,TV Comedies,44
United Kingdom,TV Dramas,36
United Kingdom,TV Horror,2
United Kingdom,TV Mysteries,2
United Kingdom,TV Sci-Fi & Fantasy,4
United Kingdom,TV Thrillers,2
United Kingdom,Thrillers,61
"United Kingdom,",Documentaries,1
"United Kingdom,",Dramas,1
"United Kingdom,",International Movies,2
United States,Action & Adventure,404
United States,Anime Features,7
United States,Anime Series,18
United States,British TV Shows,24
United States,Children & Family Movies,390
United States,Classic & Cult TV,17
United States,Classic Movies,81
United States,Comedies,680
United States,Crime TV Shows,145
United States,Cult Movies,52
United States,Documentaries,511
United States,Docuseries,192
United States,Dramas,835
United States,Faith & Spirituality,42
United States,Horror Movies,201
United States,Independent Movies,390
United States,International Movies,166
United States,International TV Shows,74
United States,Kids' TV,214
United States,Korean TV Shows,3
United States,LGBTQ Movies,63
United States,Movies,22
United States,Music & Musicals,147
United States,Reality TV,123
United States,Romantic Movies,225
United States,Romantic TV Shows,44
United States,Sci-Fi & Fantasy,181
United States,Science & Nature TV,49
United States,Spanish-Language TV Shows,29
United States,Sports Movies,113
United States,Stand-Up Comedy,216
United States,Stand-Up Comedy & Talk Shows,33
United States,TV Action & Adventure,94
United States,TV Comedies,258
United States,TV Dramas,232
United States,TV Horror,37
United States,TV Mysteries,51
United States,TV Sci-Fi & Fantasy,60
United States,TV Shows,4
United States,TV Thrillers,27
United States,Teen TV Shows,33
United States,Thrillers,292
"United States,",Documentaries,1
Uruguay,Comedies,3
Uruguay,Documentaries,7
Uruguay,Docuseries,1
Uruguay,Dramas,6
Uruguay,Independent Movies,1
Uruguay,International Movies,12
Uruguay,International TV Shows,1
Uruguay,Music & Musicals,1
Uruguay,Science & Nature TV,1
Uruguay,Sports Movies,1
Vatican City,Documentaries,1
Vatican City,Faith & Spirituality,1
Vatican City,International Movies,1
Venezuela,Documentaries,3
Venezuela,Dramas,1
Venezuela,International Movies,3
Venezuela,Thrillers,1
Vietnam,Action & Adventure,2
Vietnam,Comedies,2
Vietnam,Documentaries,1
Vietnam,Dramas,4
Vietnam,Horror Movies,1
Vietnam,International Movies,7
Vietnam,Music & Musicals,1
Vietnam,Romantic Movies,1
Vietnam,Thrillers,1
West Germany,Children & Family Movies,1
West Germany,Classic Movies,1
West Germany,Comedies,1
West Germany,Documentaries,1
West Germany,Horror Movies,1
West Germany,International Movies,2
West Germany,International TV Shows,1
West Germany,TV Comedies,1
West Germany,TV Dramas,1
West Germany,Thrillers,1
Zimbabwe,Comedies,1
Zimbabwe,Documentaries,2
Zimbabwe,International Movies,3
Zimbabwe,Romantic Movies,1
